Country,City,Latitude,Longitude
United States,Baltimore,39.2908816,-76.610759
United States,Cleveland,41.4996574,-81.6936772
United States,Toledo,41.6529143,-83.5378173
United States,Detroit,42.3315509,-83.0466403
United States,Duluth,46.7729322,-92.1251218
United States,Green Bay,44.5126379,-88.0125794
United States,Honolulu,21.304547,-157.855676
United States,Hilo,19.7073734,-155.08158
United States,Topeka,39.049011,-95.677556
United States,Williamsport,41.2411556,-77.0011096
United States,Harrisburg,40.2663107,-76.8861122
United States,McKinney,33.1976496,-96.6154471
United States,Dallas,32.7762719,-96.7968559
United States,Sherman,33.6398609,-96.6089146
United States,San Francisco,37.7792588,-122.4193286
United States,Ann Arbor,42.2813722,-83.7484616
United States,Flint,43.0161693,-83.6900211
United States,San Antonio,29.4246002,-98.4951405
United States,Easton,40.6916081,-75.2099866
United States,Fort Worth,32.753177,-97.3327459
United States,Houston,29.7589382,-95.3676974
United States,New Orleans,29.9759983,-90.0782127
United States,Shreveport,32.5135356,-93.7477839
United States,Seattle,47.6038321,-122.330062
United States,Port Huron,42.9760854,-82.4333742
United States,Janesville,42.6829765,-89.0226793
United States,Madison,43.074761,-89.3837613
United States,Fond du Lac,43.7748763,-88.4458033
United States,Greenville,34.851354,-82.3984882
United States,Bemidji,47.4785418,-94.8907869
United States,Wasilla,61.5824216,-149.442563
United States,Harrisonburg,38.4493315,-78.8688833
United States,Las Vegas,36.1672559,-115.148516
United States,Spartanburg,34.9498007,-81.9320157
United States,Holland,42.7876022,-86.1090828
United States,Pittsburgh,40.4416941,-79.9900861
United States,Clarksville,36.5277607,-87.3588703
United States,Gainesville,29.6519684,-82.3249846
United States,Charleston,32.7884363,-79.9399309
United States,Nashville,36.1622767,-86.7742984
United States,Bellingham,48.7544012,-122.478836
United States,Stevens Point,44.5234467,-89.5844457
United States,Bellevue,47.6144219,-122.192337
United States,Everett,47.9793437,-122.2127011
United States,Vancouver,45.6306954,-122.6744557
United States,Spokane,47.6571934,-117.42351
United States,El Paso,31.7601164,-106.4870404
United States,San Juan,18.465299,-66.116666
United States,York,39.962493,-76.7276989
United States,Galveston,29.3056996,-94.7933252
United States,Hanover,39.8005316,-76.9832568
United States,Poughkeepsie,41.7065539,-73.9283672
United States,Boise,43.6166163,-116.200886
United States,Nampa,43.5737361,-116.559631
United States,Meridian,43.6086295,-116.392326
United States,Bethlehem,40.6178915,-75.3786521
United States,Allentown,40.6022059,-75.4712794
United States,Concord,43.207178,-71.537476
United States,Fort Collins,40.5871782,-105.0770113
United States,Hartford,41.764582,-72.6908547
United States,Erie,42.1294712,-80.0852695
United States,New York,40.7127281,-74.0060152
United States,Rexburg,43.8235163,-111.787022
United States,Palo Alto,37.4443293,-122.1598465
United States,Mountain View,37.3893889,-122.0832101
United States,Kalispell,48.202158,-114.315321
United States,Bozeman,45.6794293,-111.044047
United States,Pocatello,42.8620287,-112.450627
United States,Vernal,40.4556825,-109.528474
United States,Butte,46.0131505,-112.536508
United States,Missoula,46.8701049,-113.995267
United States,Billings,45.7874957,-108.49607
United States,Great Falls,47.5048851,-111.29189
United States,Lebanon,40.3429683,-76.4233816
United States,Santa Barbara,34.4221319,-119.702667
United States,Lancaster,40.0379958,-76.3056707
United States,Orlando,28.5421109,-81.3790304
United States,Berkeley,37.8708393,-122.272863
United States,Sanford,28.8117345,-81.2680223
United States,Reading,40.335345,-75.9279495
United States,Des Moines,41.5868654,-93.6249494
United States,Chico,39.7284945,-121.8374777
United States,Daly City,37.6904826,-122.47267
United States,Roseville,38.7521235,-121.2880059
United States,Yuba City,39.1404477,-121.6169108
United States,Eureka,40.8018746,-124.1707558
United States,Redding,40.5863563,-122.391675
United States,Anderson,34.5068601,-82.6506264
United States,Crescent City,41.7522404,-124.1978539
United States,Chambersburg,39.9375112,-77.6612586
United States,Naknek,58.7266636,-157.0184255
United States,Unalaska,53.8735828,-166.5328654
United States,Cold Bay,55.2071632,-162.7146533
United States,Ketchikan,55.3430696,-131.6466819
United States,Wrangell,56.4706022,-132.3829431
United States,Waipahu,21.3866667,-158.009166
United States,Pearl City,21.4001231,-157.969428
United States,Fairbanks,64.837845,-147.716675
United States,False Pass,54.8552559,-163.4153697
United States,Juneau,58.3019496,-134.419734
United States,Kodiak,57.7901661,-152.4067073
United States,Aiea,21.3822222,-157.9336111
United States,Saint George,56.6022875,-169.5445274
United States,Kāneʻohe,21.418555,-157.804184
United States,Mililani,21.4508308,-158.0095783
United States,Kenai,60.5544444,-151.258333
United States,Kailua,21.393623,-157.743759
United States,Anchorage,61.2163129,-149.894852
United States,Kapolei,21.3340079,-158.077849
United States,Davis,38.5435526,-121.739005
United States,Thousand Oaks,34.1705609,-118.8375937
United States,Kingman,35.189443,-114.0530065
United States,Tigard,45.4307473,-122.771933
United States,Santa Rosa,38.4404925,-122.7141049
United States,Lewiston,46.4195913,-117.0216144
United States,Salt Lake City,40.7596198,-111.886797
United States,Riverside,33.9824949,-117.374238
United States,Rancho Cucamonga,34.1033192,-117.575173
United States,Ogden,41.2230048,-111.9738429
United States,Tracy,37.7385507,-121.420139
United States,Coeur d'Alene,47.6742994,-116.7811531
United States,Tempe,33.4255117,-111.940016
United States,Helena,46.5927425,-112.036277
United States,Victorville,34.5361067,-117.2911565
United States,Gilbert,33.3527632,-111.789037
United States,Santa Clara,37.3541132,-121.955174
United States,Lake Havasu City,34.4775296,-114.3379972
United States,Modesto,37.6393419,-120.9968892
United States,Prescott,34.539984,-112.468812
United States,Klamath Falls,42.224867,-121.78167
United States,South San Francisco,37.6535403,-122.4168664
United States,Mesquite,36.8035642,-114.067141
United States,Springfield,44.0462362,-123.0220289
United States,Carson,33.8322043,-118.2517547
United States,Hillsboro,45.5228939,-122.989827
United States,Corona,33.8752945,-117.566444
United States,Carson City,39.1663259,-119.7670374
United States,Moreno Valley,33.937517,-117.2305944
United States,Layton,41.0751048,-111.9741925
United States,Oxnard,34.1976308,-119.180381
United States,Alameda,37.7652076,-122.241635
United States,Inglewood,33.9562003,-118.353132
United States,San Clemente,33.4270275,-117.6124179
United States,Orange,33.7872568,-117.850308
United States,St. George,37.104153,-113.584131
United States,Delano,35.7688425,-119.247053
United States,Redwood City,37.4863239,-122.232523
United States,Oceanside,33.1958696,-117.379483
United States,Vacaville,38.3565773,-121.9877444
United States,Torrance,33.8371392,-118.3413606
United States,San Luis Obispo,35.2827525,-120.659615
United States,El Cajon,32.7947731,-116.962526
United States,Temecula,33.4946353,-117.147366
United States,Bend,44.0581728,-121.3153096
United States,Simi Valley,34.2677404,-118.7538071
United States,Henderson,36.0319843,-114.9822486
United States,Fremont,37.5482697,-121.988571
United States,Turlock,37.4946568,-120.8465941
United States,Bullhead City,35.1477774,-114.568298
United States,Show Low,34.2542084,-110.029832
United States,Porterville,36.06523,-119.0167679
United States,Scottsdale,33.4942189,-111.926018
United States,Fairfield,38.2493581,-122.039966
United States,Corvallis,44.5645659,-123.2620435
United States,Winnemucca,40.9724295,-117.734802
United States,Jackson,43.479965,-110.761815
United States,Fontana,34.0922947,-117.43433
United States,Cedar City,37.6774238,-113.061827
United States,Petaluma,38.2325829,-122.636465
United States,Salem,44.9391565,-123.033121
United States,West Valley City,40.6967891,-111.9866954
United States,Pasco,46.2306739,-119.0921
United States,Albany,44.6365071,-123.1059324
United States,San Bernardino,34.1081621,-117.28946
United States,Lancaster,34.6981064,-118.1366153
United States,Price,39.5994095,-110.810714
United States,Reno,39.5261206,-119.8126581
United States,Hazleton,40.9548956,-75.9769572
United States,Lodi,38.1342805,-121.2736022
United States,Ventura,34.2783355,-119.293174
United States,Sacramento,38.5810606,-121.493895
United States,Vallejo,38.1040864,-122.2566367
United States,Poway,32.9628234,-117.035864
United States,Elko,40.83269,-115.7630942
United States,Napa,38.2971367,-122.2855293
United States,Stockton,37.9577016,-121.290779
United States,Sunnyvale,37.3688301,-122.036349
United States,Tucson,32.2228765,-110.974847
United States,Phoenix,33.4484367,-112.074141
United States,San Rafael,37.9747795,-122.5316686
United States,Hayward,37.6688205,-122.080796
United States,El Centro,32.792,-115.563051
United States,Monterey,36.600256,-121.8946388
United States,Ontario,34.065846,-117.64843
United States,Hanford,36.3277959,-119.6461565
United States,Cupertino,37.3228934,-122.0322895
United States,Vista,33.2021284,-117.2424787
United States,Mesa,33.4151005,-111.831455
United States,Folsom,38.6779591,-121.176058
United States,Provo,40.2337289,-111.6587085
United States,Carlsbad,33.1580933,-117.3505966
United States,Beaverton,45.4871723,-122.80378
United States,Elk Grove,38.4087993,-121.3716178
United States,North Las Vegas,36.2005843,-115.121584
United States,Glendale,33.5386858,-112.185994
United States,Pahrump,36.2087301,-115.984614
United States,Surprise,33.629247,-112.3681428
United States,Pomona,34.0553813,-117.7517496
United States,Escondido,33.1216751,-117.0814849
United States,Sparks,39.5404679,-119.7487235
United States,Concord,37.9768525,-122.0335624
United States,West Covina,34.0686208,-117.9389526
United States,Sonoma,38.2919984,-122.4578582
United States,Downey,33.9404441,-118.1292846
United States,Santa Clarita,34.4127963,-118.5538088
United States,Milpitas,37.4332273,-121.8989248
United States,Sierra Vista,31.5545973,-110.2997756
United States,Ely,39.2480588,-114.891718
United States,Gresham,45.4978623,-122.4329883
United States,Casa Grande,32.8772834,-111.7536818
United States,Logan,41.7313063,-111.834914
United States,Santa Maria,34.9531295,-120.435857
United States,Page,36.9148305,-111.457294
United States,Indio,33.7192808,-116.2188054
United States,Tooele,40.5307776,-112.29828
United States,Antioch,38.0049214,-121.805789
United States,Kennewick,46.2087066,-119.119919
United States,Evanston,41.2682462,-110.963758
United States,Visalia,36.3302284,-119.292058
United States,Oakland,37.8044557,-122.271356
United States,Wenatchee,47.4234599,-120.310349
United States,Richmond,37.9357576,-122.347748
United States,Yuma,32.723268,-114.6179954
United States,Chula Vista,32.6400541,-117.084195
United States,Mission Viejo,33.5965685,-117.659405
United States,Grand Forks,47.9252104,-97.0306325
United States,Dubuque,42.5006243,-90.6647985
United States,Dodge City,37.7527982,-100.0170787
United States,Hobbs,32.707667,-103.1311314
United States,Hastings,40.5861322,-98.3898883
United States,Pasadena,29.6910753,-95.2092076
United States,Stillwater,36.1156306,-97.0585717
United States,Victoria,28.7997547,-97.0064246
United States,Lafayette,30.2262187,-92.0178202
United States,Springfield,37.2081729,-93.2922715
United States,Sterling,40.6255415,-103.207709
United States,Emporia,38.4040054,-96.181623
United States,Burlington,40.8126922,-91.1020205
United States,Muscatine,41.4246132,-91.0436508
United States,Farmington,36.7291152,-108.205445
United States,Mason City,43.1524574,-93.2017941
United States,Clovis,34.405472,-103.2050709
United States,Lexington,40.7788486,-99.7414869
United States,Quincy,39.9356016,-91.4098727
United States,Columbus,41.4292988,-97.3581439
United States,Mesquite,32.7666103,-96.599472
United States,West Des Moines,41.5644476,-93.7594059
United States,Norfolk,42.0283379,-97.4169964
United States,Moab,38.5738096,-109.546214
United States,Colorado Springs,38.8339578,-104.825348
United States,Albuquerque,35.0841034,-106.650985
United States,Memphis,35.1460249,-90.0517638
United States,International Falls,48.601033,-93.4105904
United States,Mankato,44.1634663,-93.9993505
United States,Midland,31.9973662,-102.077948
United States,Laramie,41.3116442,-105.5917876
United States,Lubbock,33.5855677,-101.8470215
United States,Saint Paul,44.9497487,-93.0931028
United States,Southaven,34.9873822,-90.0034862
United States,Killeen,31.1171441,-97.727796
United States,North Platte,41.1238873,-100.7654232
United States,Cedar Falls,42.5361805,-92.447758
United States,Lawrence,38.9719137,-95.2359403
United States,Port Arthur,29.8716577,-93.9332302
United States,Urbandale,41.6274511,-93.7380243
United States,Independence,39.0924792,-94.4137923
United States,Nacogdoches,31.6037322,-94.6559702
United States,Thornton,39.8695516,-104.985181
United States,Sugar Land,29.6196787,-95.6349463
United States,Rogers,36.3330154,-94.1166283
United States,Hutchinson,38.0608444,-97.9297743
United States,Leavenworth,39.3113257,-94.922759
United States,Yankton,42.8712938,-97.3967011
United States,Overland Park,38.9742502,-94.6851702
United States,Eagle Pass,28.7083999,-100.503941
United States,Beatrice,40.266429,-96.747369
United States,Edmond,35.6571367,-97.4649038
United States,Warrensburg,38.7624373,-93.7409596
United States,Greeley,40.4233142,-104.7091322
United States,Lawton,34.6086854,-98.3903305
United States,Brandon,43.5909294,-96.5874544
United States,Moline,41.5058344,-90.5136642
United States,Centennial,39.579155,-104.8769227
United States,Rock Island,41.5095446,-90.5792031
United States,Kirksville,40.1948848,-92.5833939
United States,Galesburg,40.9475652,-90.3712169
United States,Russellville,35.2784173,-93.1337856
United States,Bryan,30.6743643,-96.3699632
United States,Havre,48.5536972,-109.677802
United States,Richardson,32.9481789,-96.7297206
United States,Denver,39.7392364,-104.984862
United States,Manhattan,39.1836082,-96.5716694
United States,Willmar,45.1219492,-95.0435373
United States,Lincoln,40.8088861,-96.7077751
United States,Glenwood Springs,39.5466381,-107.3246941
United States,Texarkana,33.4254259,-94.0430937
United States,Little Rock,34.7465071,-92.2896267
United States,Abilene,32.44645,-99.7475905
United States,Trinidad,37.169397,-104.500541
United States,Jonesboro,35.8272257,-90.6949871
United States,San Angelo,31.4649685,-100.4405094
United States,Blue Springs,39.017316,-94.282265
United States,Ardmore,34.1729273,-97.1309119
United States,Broomfield,39.9403995,-105.05208
United States,College Station,30.6183939,-96.3455991
United States,Eau Claire,44.811349,-91.4984941
United States,Omaha,41.2587459,-95.9383758
United States,Aberdeen,45.4649805,-98.487813
United States,Steamboat Springs,40.4848003,-106.831735
United States,Hannibal,39.7082498,-91.3587413
United States,Allen,33.1031744,-96.6705503
United States,Ada,34.7743383,-96.6783651
United States,Minneapolis,44.9772995,-93.2654692
United States,Lee's Summit,38.9107156,-94.3821295
United States,Odessa,31.8457149,-102.367687
United States,Arlington,32.7355816,-97.1071186
United States,Beaumont,30.0829344,-94.0984277
United States,Springdale,36.1867442,-94.1288142
United States,Waco,31.5491899,-97.1474628
United States,Lamar,38.0872306,-102.620749
United States,Garden City,37.9716898,-100.8726618
United States,Fayetteville,36.0625843,-94.1574328
United States,Fargo,46.877229,-96.789821
United States,O’Fallon,38.7902503,-90.7033292
United States,Frisco,33.1505998,-96.8238183
United States,Brainerd,46.3580221,-94.2008288
United States,Saint Joseph,39.7686055,-94.8466322
United States,Sedalia,38.7098314,-93.2295515
United States,Jackson,32.2998686,-90.1830408
United States,Greenwood,33.5162315,-90.1795281
United States,Cedar Rapids,41.9758872,-91.6704053
United States,Grand Island,40.924271,-98.338685
United States,Brownsville,25.9024289,-97.4981698
United States,Gillette,44.290635,-105.501876
United States,Rock Springs,41.5860557,-109.2194544
United States,Westminster,39.8366528,-105.0372046
United States,Brookings,44.311461,-96.79844
United States,Cheyenne,41.139981,-104.820246
United States,Corpus Christi,27.7635302,-97.4033191
United States,Tahlequah,35.91537,-94.969956
United States,McAllen,26.204114,-98.2300605
United States,Longview,32.5007031,-94.74049
United States,Olathe,38.8838856,-94.81887
United States,Silver City,32.7711825,-108.2764164
United States,La Crosse,43.8122836,-91.2514355
United States,Joplin,37.0841838,-94.5133385
United States,Grand Junction,39.0672568,-108.56448
United States,Roswell,33.3943282,-104.5229518
United States,Muskogee,35.7478769,-95.3696909
United States,Casper,42.8501191,-106.325138
United States,Wichita Falls,33.9004572,-98.5020777
United States,Monroe,32.5025471,-92.116219
United States,Hot Springs,34.5038393,-93.0552437
United States,Columbia,38.951883,-92.3337366
United States,Rolla,37.9509324,-91.7708076
United States,Harlingen,26.1907543,-97.6960599
United States,Fort Dodge,42.5044017,-94.1910044
United States,Alexandria,31.3119463,-92.4453558
United States,Lenexa,38.9697458,-94.7845837
United States,Lakewood,39.7085736,-105.0846694
United States,Minot,48.23251,-101.296273
United States,Sioux Falls,43.5476008,-96.7293629
United States,Bentonville,36.3728538,-94.2088172
United States,Lake Charles,30.2305095,-93.2169807
United States,Taos,36.4072377,-105.573284
United States,Santa Fe,35.6876096,-105.938456
United States,Aurora,39.7405111,-104.830994
United States,Council Bluffs,41.258841,-95.8519484
United States,Castle Rock,39.3722552,-104.858682
United States,Tyler,32.3512601,-95.3010624
United States,Jefferson City,38.577359,-92.1724265
United States,Davenport,41.5235808,-90.5770967
United States,Edinburg,26.3013982,-98.1624501
United States,Ottumwa,41.0195659,-92.4116886
United States,Iowa City,41.6612561,-91.5299106
United States,Pueblo,38.263995,-104.6141867
United States,Salina,38.8402805,-97.6114237
United States,Pierre,44.3683644,-100.351136
United States,Golden,39.7546349,-105.22058
United States,Shawnee,35.3272928,-96.9253004
United States,Sheridan,44.797194,-106.956179
United States,Lufkin,31.3386242,-94.7288558
United States,Carlsbad,32.4257456,-104.237612
United States,Marion,42.0329753,-91.5987335
United States,Liberty,39.246479,-94.419079
United States,Montrose,38.4781927,-107.876277
United States,Williston,48.1465457,-103.621814
United States,Wichita,37.6922361,-97.3375448
United States,Carrollton,32.9537349,-96.8902816
United States,Conway,35.0891932,-92.4398402
United States,Vermillion,42.7795273,-96.929101
United States,Garland,32.912624,-96.6388833
United States,Kearney,40.699478,-99.081858
United States,Cody,44.5263107,-109.056392
United States,Greenville,33.4111051,-91.0635857
United States,Temple,31.098207,-97.3427847
United States,Enid,36.3967623,-97.8791341
United States,Ankeny,41.7320796,-93.605092
United States,Clinton,41.8502821,-90.1877485
United States,Del Rio,29.357515,-100.8987707
United States,Grand Prairie,32.7459645,-96.9977846
United States,Saint Charles,38.783855,-90.481677
United States,Norman,35.2225717,-97.4394816
United States,Los Alamos,35.88137,-106.298959
United States,Lewisville,33.046233,-96.994174
United States,Scottsbluff,41.862302,-103.6627088
United States,Ames,42.0267567,-93.6170448
United States,Alamogordo,32.8998822,-105.9602081
United States,Gladstone,39.2214765,-94.5719748
United States,New Braunfels,29.7028266,-98.1257348
United States,Loveland,40.3977612,-105.07498
United States,Baton Rouge,30.4494155,-91.1869659
United States,Branson,36.6440772,-93.2169256
United States,Alamosa,37.4701846,-105.8624658
United States,Mitchell,43.70953,-98.025379
United States,Pine Bluff,34.2228884,-92.004334
United States,Watertown,44.899211,-97.115289
United States,Dickinson,46.8791756,-102.7896242
United States,Boulder,40.0149856,-105.270545
United States,Las Cruces,32.3140354,-106.779807
United States,Bartlesville,36.7421089,-95.9528877
United States,Bellevue,41.1365122,-95.8937398
United States,Fremont,41.4338363,-96.4960449
United States,Rochester,44.0234387,-92.4630182
United States,Saint Cloud,45.5616075,-94.1642004
United States,Safford,32.8332442,-109.7131838
United States,Bettendorf,41.5253792,-90.5098639
United States,Bismarck,46.808327,-100.783739
United States,Spearfish,44.490817,-103.85937
United States,Longmont,40.1672117,-105.101928
United States,Fort Smith,35.3880338,-94.4265011
United States,Shawnee,39.0229714,-94.7145415
United States,Huron,44.36308,-98.214388
United States,Pascagoula,30.3646795,-88.5585995
United States,Grand Rapids,42.9632425,-85.6678639
United States,Indianapolis,39.7683331,-86.1583502
United States,Evansville,37.970495,-87.5715641
United States,Louisville,38.2542376,-85.759407
United States,Escanaba,45.7455707,-87.0647434
United States,Muskegon,43.2341813,-86.2483921
United States,Huntsville,34.729847,-86.5859011
United States,Wyoming,42.9132581,-85.7057035
United States,Chicago,41.8755616,-87.6244212
United States,Columbus,39.2014405,-85.9213796
United States,South Bend,41.6833813,-86.2500066
United States,Marion,40.5583739,-85.6591442
United States,Urbana,40.1117174,-88.207301
United States,Auburn,32.6098566,-85.4807825
United States,Cape Girardeau,37.3034933,-89.5230357
United States,Belleville,38.5135805,-89.9841627
United States,Muncie,40.1936892,-85.3865271
United States,Goshen,41.5850394,-85.8344491
United States,Chattanooga,35.0457219,-85.3094883
United States,Cookeville,36.1623886,-85.4997057
United States,Bowling Green,36.9903199,-86.4436018
United States,Florence,34.79981,-87.677251
United States,Birmingham,33.5206824,-86.8024326
United States,Valparaiso,41.4672552,-87.0604487
United States,Battle Creek,42.3192548,-85.1824269
United States,Waukegan,42.3636331,-87.8447938
United States,Jackson,35.6144446,-88.8177418
United States,Joliet,41.5263603,-88.0840212
United States,Racine,42.7313756,-87.7834769
United States,Marquette,46.5434914,-87.396433
United States,Decatur,34.6060203,-86.9838165
United States,Anderson,40.1053196,-85.6802541
United States,Champaign,40.1164841,-88.2430932
United States,Tuscaloosa,33.2095614,-87.5675258
United States,Gary,41.6020962,-87.3370646
United States,Fishers,39.9555928,-86.0138729
United States,Lafayette,40.4191229,-86.8919011
United States,Tupelo,34.2576067,-88.7033859
United States,Hopkinsville,36.8657651,-87.4889532
United States,Pensacola,30.421309,-87.2169149
United States,Bloomington,39.1670396,-86.5342881
United States,Naperville,41.7728699,-88.1479278
United States,Elgin,42.03726,-88.2810994
United States,Rome,34.257038,-85.1646726
United States,Wausau,44.9597858,-89.6272791
United States,Biloxi,30.4007626,-88.8893818
United States,Panama City,30.1586518,-85.6602936
United States,Greenwood,39.6136987,-86.1095429
United States,Mobile,30.6913462,-88.0437509
United States,Oxford,34.3663773,-89.5187664
United States,Waukesha,43.0116784,-88.2314813
United States,Paducah,37.0833893,-88.6000478
United States,Meridian,32.3643098,-88.703656
United States,Elizabethtown,37.693952,-85.8591285
United States,Columbus,33.4956744,-88.4272627
United States,Kenosha,42.5846773,-87.8212263
United States,Noblesville,40.0455918,-86.0085955
United States,Murfreesboro,35.8460396,-86.3921096
United States,Gadsden,34.0128323,-86.0030251
United States,Dothan,31.2237285,-85.3934375
United States,Mishawaka,41.6611642,-86.1807031
United States,Carbondale,37.7274692,-89.216655
United States,Jeffersonville,38.2770227,-85.7371604
United States,Kokomo,40.4864444,-86.1336351
United States,Terre Haute,39.4667025,-87.4139119
United States,Decatur,39.8454163,-88.9524151
United States,Carmel,39.9784186,-86.1283681
United States,Logansport,40.7542375,-86.3625191
United States,Fort Wayne,41.0799898,-85.1386015
United States,Hattiesburg,31.3271189,-89.2903392
United States,Peoria,40.6938609,-89.5891008
United States,Rockford,42.2713945,-89.093966
United States,Sheboygan,43.7508284,-87.71453
United States,Gulfport,30.3674198,-89.0928155
United States,Edwardsville,38.8114364,-89.953157
United States,Owensboro,37.7742152,-87.1133304
United States,Columbia,35.6148165,-87.0338464
United States,Michigan City,41.7075394,-86.8950297
United States,Elkhart,41.6819935,-85.9766671
United States,Franklin,35.925206,-86.8689419
United States,Kalamazoo,42.291707,-85.5872286
United States,Montgomery,32.37742,-86.3091683
United States,Traverse City,44.7606481,-85.6165976
United States,Cadillac,44.2519526,-85.4011619
United States,Aurora,41.7571701,-88.3147539
United States,Smyrna,33.883887,-84.5147454
United States,Brandon,27.937801,-82.2859247
United States,Canton,40.7985464,-81.3749508
United States,Kingsport,36.550238,-82.5594293
United States,Richmond,39.8286897,-84.8898521
United States,Atlanta,33.7489924,-84.3902644
United States,Akron,41.083064,-81.518485
United States,Miramar,25.9873137,-80.2322706
United States,Morristown,36.2139814,-83.2948923
United States,New Philadelphia,40.4897871,-81.4456706
United States,Sarasota,27.3365805,-82.5308545
United States,Midland,43.6155825,-84.2472117
United States,Sandy Springs,33.9242688,-84.3785379
United States,Johnson City,36.3134398,-82.3534728
United States,Meadville,41.641445,-80.151449
United States,Portsmouth,38.7345374,-82.9962742
United States,Winston-Salem,36.0998131,-80.2440518
United States,Warner Robins,32.6200973,-83.606568
United States,Beckley,37.7781702,-81.1881557
United States,Covington,39.0831712,-84.5107548
United States,Brunswick,31.1499528,-81.4914894
United States,Bluefield,37.2698395,-81.2223195
United States,Mansfield,40.75839,-82.5154471
United States,Warren,41.2367955,-80.8190423
United States,Springfield,39.9234046,-83.810138
United States,Cincinnati,39.1014537,-84.5124602
United States,DeLand,29.0281051,-81.3034183
United States,Bristol,36.5945034,-82.1885212
United States,Xenia,39.6847822,-83.9296526
United States,Pompano Beach,26.2378597,-80.1247667
United States,Saginaw,43.4200387,-83.9490365
United States,Statesville,35.7826363,-80.8872959
United States,Sunrise,26.1666888,-80.2787573
United States,Newark,40.0581205,-82.4012643
United States,Tampa,27.9477595,-82.458444
United States,Greer,34.9381361,-82.2272119
United States,Jackson,42.2465036,-84.4016963
United States,Columbus,39.9622601,-83.0007065
United States,Clearwater,27.9658533,-82.8001026
United States,Saint Augustine,29.8946952,-81.3145395
United States,Macon,32.8406946,-83.6324022
United States,Titusville,28.6126236,-80.8079545
United States,Fort Myers,26.640628,-81.8723084
United States,Melbourne,28.0785034,-80.6077908
United States,Bay City,43.5944677,-83.8888648
United States,Middletown,39.516644,-84.4041725
United States,Aiken,33.5616173,-81.7224579
United States,Lakeland,28.0394654,-81.9498042
United States,Fort Lauderdale,26.1223084,-80.1433786
United States,East Lansing,42.7320307,-84.4721678
United States,Clermont,28.5551912,-81.7669488
United States,Columbia,34.000754,-81.0352313
United States,Deerfield Beach,26.318342,-80.0996306
United States,Alpena,45.0616794,-83.4327528
United States,Ocala,29.1871986,-82.1400923
United States,Wheeling,40.0639616,-80.7209149
United States,Columbus,32.4610708,-84.9880449
United States,Palm Bay,27.9946969,-80.6366144
United States,Blacksburg,37.2296566,-80.4136767
United States,Coral Springs,26.271192,-80.2706044
United States,Tallahassee,30.4380832,-84.2809332
United States,Hickory,35.7333312,-81.3442915
United States,Bartow,27.8963791,-81.8431567
United States,New Smyrna Beach,29.0258132,-80.9271271
United States,Homestead,25.4718946,-80.4759905
United States,Hialeah,25.8575963,-80.2781057
United States,Roswell,34.02332,-84.360022
United States,Mount Pleasant,43.597646,-84.7668495
United States,Charlotte,35.2272086,-80.8430827
United States,Maryville,35.7564719,-83.9704593
United States,Albany,31.5782062,-84.1556809
United States,Kannapolis,35.4979605,-80.6240008
United States,Fort Pierce,27.4467056,-80.3256056
United States,Hollywood,26.0112014,-80.1494901
United States,North Augusta,33.4943487,-81.9705909
United States,Monroe,34.9854275,-80.5495112
United States,Weirton,40.4002396,-80.5899788
United States,Ashland,38.4784144,-82.6379387
United States,Pembroke Pines,26.0061943,-80.2872086
United States,Salisbury,35.6709727,-80.4742261
United States,Sumter,33.9204354,-80.3414693
United States,Rock Hill,34.9248667,-81.0250784
United States,Winter Haven,28.0222435,-81.7328568
United States,Orangeburg,33.4918203,-80.8556476
United States,Athens,39.3289242,-82.1012479
United States,Miami Beach,25.7929198,-80.1353006
United States,Saint Petersburg,27.7700475,-82.6359078
United States,Pontiac,42.6389216,-83.2910468
United States,Lorain,41.4673238,-82.1781904
United States,Medina,41.1383878,-81.8637474
United States,Somerset,37.0920222,-84.6041084
United States,West Palm Beach,26.715364,-80.0532942
United States,Miami,25.7741728,-80.19362
United States,Leesburg,28.810823,-81.8778582
United States,Valdosta,30.8327022,-83.2784851
United States,Athens,33.9597677,-83.376398
United States,Zanesville,39.9401426,-82.005019
United States,Gastonia,35.2622654,-81.1838186
United States,Richmond,37.7478572,-84.2946539
United States,Lawrenceville,33.9566391,-83.9890066
United States,Clarksburg,39.2806451,-80.3445341
United States,Gainesville,34.2978794,-83.8240663
United States,Vero Beach,27.6387163,-80.3975399
United States,Frankfort,38.2009055,-84.8732836
United States,Port Saint Lucie,27.2939333,-80.3503283
United States,Bradenton,27.4989278,-82.5748194
United States,Boone,36.2187873,-81.684004
United States,Key West,24.5548262,-81.8020722
United States,Palm Coast,29.5541432,-81.2207673
United States,Greenwood,34.1954001,-82.1617883
United States,Kent,41.1513108,-81.3578047
United States,Kendall,25.6792695,-80.3172743
United States,Charleston,38.3505995,-81.6332812
United States,Cape Coral,26.5625742,-81.9438802
United States,High Point,35.9556924,-80.0053176
United States,Dalton,34.7691867,-84.9702475
United States,Marion,40.5886259,-83.1287349
United States,Steubenville,40.3600714,-80.6151034
United States,Lexington,38.0464066,-84.4970393
United States,Jacksonville,30.3321838,-81.655651
United States,Cleveland,35.1595182,-84.8766115
United States,Lima,40.7399785,-84.105006
United States,Punta Gorda,26.9351529,-82.0512058
United States,Concord,35.4094178,-80.5800049
United States,Cuyahoga Falls,41.1362729,-81.4828123
United States,Augusta,33.4709714,-81.9748429
United States,Wooster,40.7980976,-81.9397733
United States,Lancaster,39.7136754,-82.5993294
United States,Lenoir,35.9140196,-81.5389849
United States,Ashtabula,41.8647873,-80.7841284
United States,Chillicothe,39.3331197,-82.9824019
United States,Daytona Beach,29.2108147,-81.0228331
United States,Delaware,40.2986724,-83.067965
United States,Euclid,41.5931049,-81.5267873
United States,Hamilton,39.3995067,-84.5613428
United States,Boca Raton,26.3586885,-80.0830984
United States,New Castle,40.9999202,-80.3471856
United States,Huntington,38.4192496,-82.445154
United States,Dayton,39.7589478,-84.1916069
United States,Oak Ridge,36.0103562,-84.2696449
United States,Pikeville,37.4792672,-82.5187629
United States,Salem,37.293198,-80.0556773
United States,Sandusky,41.4561002,-82.7115813
United States,Savannah,32.0790074,-81.0921335
United States,Naples,26.1421976,-81.7942944
United States,Maysville,38.6474569,-83.7644793
United States,Asheville,35.595363,-82.5508407
United States,Venice,27.0998315,-82.4442832
United States,Chester,39.849557,-75.3557458
United States,Cortland,42.6011813,-76.1804843
United States,Fayetteville,35.0525759,-78.878292
United States,Wake Forest,35.9803138,-78.5103731
United States,Elkins,38.925927,-79.8466552
United States,Staunton,38.1495947,-79.072557
United States,Goldsboro,35.3848841,-77.9927651
United States,Jacksonville,34.7494749,-77.4208221
United States,Scranton,41.4086874,-75.6621294
United States,Chapel Hill,35.9131542,-79.05578
United States,Tonawanda,43.020679,-78.878383
United States,Indiana,40.622825,-79.1533097
United States,Hampton,37.0264414,-76.3442846
United States,Glen Burnie,39.1648,-76.6249437
United States,Bowie,38.9424464,-76.7301718
United States,Columbia,39.2156213,-76.8582049
United States,Fairfax,38.8462236,-77.3063733
United States,Buffalo,42.8867166,-78.8783922
United States,Annapolis,38.9786401,-76.492786
United States,Martinsburg,39.4562528,-77.9639604
United States,Bethesda,38.9846816,-77.0942447
United States,Asheboro,35.7079146,-79.8136446
United States,Roanoke,37.270973,-79.9414313
United States,Watertown,43.9747838,-75.9107565
United States,Morgantown,39.6296809,-79.9559437
United States,Utica,43.1009031,-75.2326641
United States,Altoona,40.5193586,-78.3968299
United States,Ogdensburg,44.694285,-75.486374
United States,Johnstown,40.3267407,-78.9219698
United States,New Bern,35.1084931,-77.0441143
United States,Greenville,35.613224,-77.3724593
United States,Bel Air,39.5355063,-76.3490396
United States,Laurel,39.0984317,-76.8485094
United States,Hyattsville,38.9529442,-76.9408647
United States,College Park,38.980666,-76.9369189
United States,Williamsburg,37.2708788,-76.7074042
United States,Norristown,40.1148787,-75.3433705
United States,Washington,38.8950368,-77.0365427
United States,Suffolk,36.7281341,-76.5834683
United States,Easton,38.7744625,-76.0763244
United States,Rockville,39.0817985,-77.1516844
United States,Elmira,42.0897965,-76.8077338
United States,Greensboro,36.0726355,-79.7919754
United States,State College,40.7944504,-77.8616386
United States,Culpeper,38.4733823,-77.9961275
United States,Portsmouth,36.8320081,-76.297699
United States,Fuquay-Varina,35.5843849,-78.7998691
United States,Apex,35.7325352,-78.8505516
United States,Kinston,35.2626635,-77.5816353
United States,Fredericksburg,38.3031837,-77.4605399
United States,Wilkes-Barre,41.2464824,-75.8817316
United States,Petersburg,37.227928,-77.4019268
United States,Hopewell,37.3043154,-77.2872001
United States,Wilmington,34.2257282,-77.9447107
United States,Camden,39.9448402,-75.1198911
United States,Hagerstown,39.6430455,-77.7191081
United States,Silver Spring,38.9959461,-77.0276231
United States,Leesburg,39.1154506,-77.5645607
United States,North Charleston,32.8546197,-79.9748103
United States,Manassas,38.7509488,-77.4752667
United States,Cumberland,39.6526498,-78.762383
United States,Chesapeake,36.7168315,-76.2494453
United States,Roanoke Rapids,36.4558016,-77.6573514
United States,Jamestown,42.0965167,-79.2380322
United States,Dundalk,39.2574114,-76.5236745
United States,Elizabeth City,36.3010192,-76.2203699
United States,Lynchburg,37.4137536,-79.1422464
United States,Syracuse,43.0481221,-76.1474244
United States,Charlottesville,38.029306,-78.4766781
United States,Dover,39.158168,-75.5243682
United States,Sanford,35.4798757,-79.1802994
United States,Danville,36.5879877,-79.3916713
United States,Westminster,39.5751717,-76.9959168
United States,Arlington,38.8903961,-77.0841585
United States,Gaithersburg,39.1399187,-77.1929215
United States,Durham,35.996653,-78.9018053
United States,North Tonawanda,43.0407742,-78.8660527
United States,Newark,39.6828358,-75.7515682
United States,Wilmington,39.7459468,-75.546589
United States,Raleigh,35.7803977,-78.6390989
United States,Burlington,36.0956918,-79.4377991
United States,Conway,33.8360035,-79.0478143
United States,Ithaca,42.4396039,-76.4968019
United States,Wilson,35.7241718,-77.9115243
United States,Binghamton,42.098698,-75.9125187
United States,Winchester,39.1852184,-78.1652404
United States,Atlantic City,39.3642852,-74.4229351
United States,Schenectady,42.8142432,-73.9395687
United States,Chicopee,42.1487691,-72.6071119
United States,Lowell,42.6414437,-71.3085329
United States,Framingham,42.2773177,-71.4165905
United States,Brockton,42.0834335,-71.0183787
United States,Levittown,40.7259621,-73.5144766
United States,Rochester,43.3050631,-70.9753629
United States,Danbury,41.394817,-73.4540111
United States,Boston,42.3554334,-71.060511
United States,Haverhill,42.7777829,-71.0767724
United States,Hempstead,40.7092836,-73.6230362
United States,Nashua,42.7656251,-71.4677032
United States,Troy,42.7284117,-73.6917878
United States,Providence,41.8239891,-71.4128343
United States,Danvers,42.566751,-70.9368313
United States,Torrington,41.8006523,-73.1212214
United States,Waterville,44.5524176,-69.6313607
United States,Presque Isle,46.6812216,-68.0154578
United States,Central Falls,41.8873726,-71.3876472
United States,Elizabeth,40.6639916,-74.2107006
United States,Newark,40.735657,-74.1723667
United States,Pawtucket,41.8789531,-71.3821203
United States,Milford,41.2222218,-73.0570603
United States,Middletown,41.5623178,-72.6509061
United States,New Haven,41.3082138,-72.9250518
United States,Cranston,41.779588,-71.4366813
United States,Springfield,42.1018764,-72.5886727
United States,Holyoke,42.2071184,-72.6075851
United States,Glens Falls,43.309941,-73.644447
United States,Lewiston,44.1004515,-70.2150294
United States,Lynn,42.466763,-70.9494939
United States,New Brunswick,40.4951365,-74.4439254
United States,East Hartford,41.767914,-72.644512
United States,Saratoga Springs,43.0821793,-73.7853915
United States,Barre,44.1969042,-72.5007458
United States,Newport,41.4899827,-71.3137707
United States,Montpelier,44.2602244,-72.5750364
United States,Jersey City,40.7215682,-74.047455
United States,Portsmouth,43.0702223,-70.7548621
United States,Cambridge,42.3656347,-71.1040018
United States,Toms River,39.9526791,-74.1968257
United States,New London,41.3556187,-72.0997804
United States,Brentwood,40.7812093,-73.2462273
United States,White Plains,41.0339862,-73.7629097
United States,Lawrence,42.7070354,-71.1631137
United States,Waltham,42.3756401,-71.2358004
United States,Laconia,43.5278546,-71.470351
United States,New Rochelle,40.9115386,-73.7826363
United States,Yonkers,40.9312099,-73.8987469
United States,Woonsocket,42.0028761,-71.5147839
United States,Worcester,42.2625621,-71.8018877
United States,Waterbury,41.5538091,-73.0438362
United States,Taunton,41.9019257,-71.0931485
United States,Meriden,41.5381535,-72.8070435
United States,Pittsfield,42.4484778,-73.2541069
United States,Salem,42.5195292,-70.8967226
United States,Auburn,44.0979903,-70.2312137
United States,Paterson,40.9167654,-74.171811
United States,East Providence,41.8194081,-71.376257
United States,Burlington,44.4761601,-73.212906
United States,Keene,42.933597,-72.2784264
United States,Melrose,42.4564323,-71.064182
United States,Medford,42.4184296,-71.1061639
United States,Augusta,44.3169922,-69.7734278
United States,Trenton,40.2203074,-74.7659
United States,Somerville,42.3875968,-71.0994968
United States,Malden,42.4268484,-71.0683741
United States,Newton,42.3370414,-71.2092214
United States,Bangor,44.8016255,-68.7713289
United States,Plymouth,41.9583799,-70.6673851
United States,Dover,43.1981117,-70.8739761
United States,Rutland,43.6084792,-72.9724768
United States,Norwich,41.5243537,-72.0759008
United States,Mount Vernon,40.9125085,-73.8386504
United States,Warwick,41.6992717,-71.4586114
United States,Stamford,41.0534302,-73.5387341
United States,Brunswick,43.9166529,-69.9659438
United States,New Bedford,41.6362152,-70.934205
United States,Portland,43.6573605,-70.2586618
United States,Manchester,42.9956397,-71.4547891
United States,Methuen,42.7262016,-71.1908924
United States,Peabody,42.5278731,-70.9286609
United States,New Britain,41.6612104,-72.7795419
United States,Bridgeport,41.1792695,-73.1887863
United States,Milford,42.1428913,-71.5164618
United States,Lakewood Township,40.0978929,-74.2176435
United States,Revere,42.4084302,-71.0119948
United States,Quincy,42.2509914,-71.0037374
United States,Norwalk,41.1175966,-73.4078968
United States,Elyria,41.3673191,-82.1073583
United States,Lebanon,43.643032,-72.251587
United States,Tacoma,47.2455013,-122.438329
United States,Manteca,37.7986184,-121.2117148
United States,Lansing,42.7338254,-84.5546295
United States,Charlotte Amalie,18.3414575,-64.9335173
United States,Niagara Falls,43.08436,-79.0614686
United States,Frederick,39.415779,-77.4127562
United States,Albany,42.6511674,-73.754968
United States,Bristol,36.5959685,-82.1885009
United States,Newport News,36.9775016,-76.42977
United States,Avondale,33.4355977,-112.349602
United States,Goodyear,33.4674695,-112.3842224
United States,Cary,35.7882893,-78.7812081
United States,Florence,34.1984435,-79.7671658
United States,Chandler,33.3062031,-111.841185
United States,Lehi,40.3881114,-111.8486019
United States,Milwaukee,43.0386475,-87.9090751
United States,Richland,46.2804298,-119.275205
United States,Huntington Beach,33.6783336,-118.000016
United States,Eugene,44.0505054,-123.0950506
United States,Madera,36.9622745,-120.0594685
United States,Murrieta,33.560832,-117.210656
United States,The Woodlands,30.1734194,-95.504686
United States,Peoria,33.5806115,-112.237294
United States,Sitka,57.0524973,-135.337612
United States,Plano,33.0136764,-96.6925096
United States,Rochester,43.157285,-77.615214
United States,Denton,33.2150386,-97.1330516
United States,Santa Cruz,36.9743626,-122.0294673
United States,Marshalltown,42.048881,-92.9122672
United States,Portland,45.5202471,-122.674194
United States,Salinas,36.6744117,-121.655037
United States,San Jose,37.3361663,-121.890591
United States,San Mateo,37.5629997,-122.3253265
United States,Medford,42.3264181,-122.8718605
United States,Gilroy,37.0065078,-121.5631723
United States,Los Angeles,34.0536909,-118.242766
United States,South Gate,33.9463456,-118.200981
United States,Glendale,34.1469416,-118.2478471
United States,Santa Monica,34.0194704,-118.491227
United States,Austin,30.2711286,-97.7436995
United States,Salisbury,38.366027,-75.6009964
United States,San Diego,32.7174202,-117.162772
United States,Irvine,33.6856969,-117.825981
United States,Garden Grove,33.7746292,-117.9463717
United States,Santa Ana,33.7494951,-117.873221
United States,Fullerton,33.8708215,-117.929416
United States,Anaheim,33.8347516,-117.911732
United States,Norwalk,33.9092802,-118.0849169
United States,Costa Mesa,33.6633386,-117.903317
United States,Burbank,34.1812089,-118.307201
United States,Pasadena,34.1476507,-118.144155
United States,El Monte,34.0751571,-118.036849
United States,Kansas City,39.100105,-94.5781416
United States,Appleton,44.2613967,-88.4069744
United States,Carolina,18.3808516,-65.9570244
United States,Sioux City,42.4966815,-96.4058782
United States,Tulsa,36.1563122,-95.9927516
United States,Oklahoma City,35.4729886,-97.5170536
United States,Evanston,42.0470043,-87.6846053
United States,Arecibo,18.471975,-66.7161704
United States,Mayagüez,18.2011161,-67.1391124
United States,Caguas,18.2345399,-66.0351316
United States,Oshkosh,44.0206919,-88.5408574
United States,Fresno,36.7394421,-119.78483
United States,Merced,37.3029568,-120.4843269
United States,Virginia Beach,36.8496579,-75.9760751
United States,Bakersfield,35.3738712,-119.019463
United States,Knoxville,35.9603948,-83.9210261
United States,Palmdale,34.5793131,-118.11711
United States,Round Rock,30.5085915,-97.6788056
United States,Alexandria,38.8051095,-77.0470229
United States,Barstow,34.8986215,-117.0244313
United States,Livermore,37.6820583,-121.768053
United States,Flagstaff,35.1987522,-111.651822
United States,Palm Springs,33.8246269,-116.540303
United States,Kansas City,39.1134562,-94.626497
United States,Reston,38.9587514,-77.3585955
United States,Palm Desert,33.7288179,-116.382571
United States,Cathedral City,33.7810031,-116.464076
United States,Aspen,39.1911128,-106.82356
United States,Marietta,33.9528472,-84.5496148
United States,Richmond,37.5385087,-77.43428
United States,Ocean City,38.3348728,-75.0847659
United States,Olympia,47.0451022,-122.8950075
United States,Palmer,61.5995703,-149.11109
United States,West Chester,39.9597213,-75.6059638
United States,Gallup,35.5283506,-108.743907
United States,Findlay,41.0413873,-83.6503982
United States,Norfolk,36.8493695,-76.2899539
United States,Fall River,41.7010642,-71.1546367
United States,Rio Rancho,35.2702448,-106.6329806
United States,Río Piedras,18.3974229,-66.050111
United States,Bloomington,40.4797828,-88.9939147
United States,Ponce,18.011564,-66.613958
United States,Myrtle Beach,33.6956461,-78.8900409
United States,Yakima,46.601557,-120.510842
United States,Rapid City,44.0806041,-103.228023
United States,Rocky Mount,35.9423833,-77.7956949
United States,Waldorf,38.6263882,-76.9106581
United States,Towson,39.4018513,-76.6023803
United States,Oneonta,42.453492,-75.0629531
United States,Idaho Falls,43.4887907,-112.03628
United States,Kissimmee,28.2918995,-81.4075838
United States,Parkersburg,39.2667309,-81.5620755
United States,Irving,32.8295183,-96.9442177
United States,Summerville,33.0186699,-80.1762704
United States,Bayamón,18.3990551,-66.1560326
United States,Bremerton,47.5653663,-122.6246836
United States,Youngstown,41.1035786,-80.6520161
United States,Twin Falls,42.5558542,-114.4700684
United States,Waterloo,42.498275,-92.3328743
United States,Philadelphia,39.9527237,-75.1635262
United States,Springfield,39.7990175,-89.6439575
United States,Sandy,40.5710454,-111.8953815
United States,Bristol,41.6735209,-72.9464859
United States,Durango,37.2769484,-107.8766
United States,Long Beach,33.7690164,-118.191604
United States,Riverton,43.0247245,-108.380727
United States,Buckeye,33.3703197,-112.583776
United States,Walla Walla,46.0667277,-118.339345
United States,Saint Louis,38.6280278,-90.1910154
United States,Vineland,39.4862777,-75.0254256
United States,Laredo,27.5075005,-99.5069922
United States,East Honolulu,21.2891309,-157.7173915
United States,King Cove,55.059662,-162.3114114
United States,Amarillo,35.20729,-101.8371192
United States,Nikolski City,52.9398169,-168.8594059
United States,Nelson Lagoon,56.0001238,-161.2025883
United States,South Naknek,58.7148208,-157.004966
Canada,Toronto,43.6534817,-79.3839347
Canada,Ottawa,45.4208777,-75.6901106
Canada,Hamilton,43.2560802,-79.8728583
Canada,Cambridge,43.3600536,-80.3123023
Canada,Thunder Bay,48.406414,-89.259796
Canada,Belleville,44.1633264,-77.3852556
Canada,Sarnia,42.9743821,-82.403533
Canada,Peterborough,44.3048009,-78.3199496
Canada,Halifax,44.648618,-63.5859487
Canada,Niagara Falls,43.1065603,-79.0639039
Canada,St. Catharines,43.1579812,-79.2441003
Canada,Saskatoon,52.131802,-106.660767
Canada,Martensville,52.2903172,-106.662554
Canada,Regina,50.4479733,-104.6158764
Canada,Airdrie,51.28597,-114.01062
Canada,Selkirk,50.146986,-96.880188
Canada,Warman,52.320232,-106.575623
Canada,Red Deer,52.2690628,-113.8141464
Canada,Brooks,50.571027,-111.893005
Canada,Medicine Hat,50.04303,-110.679016
Canada,Edmonton,53.5462055,-113.491241
Canada,Yorkton,51.212045,-102.461243
Canada,Victoria,48.4283182,-123.364953
Canada,Québec,46.8137431,-71.2084061
Canada,Prince George,53.9128645,-122.7453699
Canada,Port Alberni,49.2343668,-124.8056517
Canada,Brockville,44.5895925,-75.6843332
Canada,Guelph,43.5460516,-80.2493276
Canada,Cranbrook,49.5107477,-115.7672772
Canada,St. Albert,53.633239,-113.628845
Canada,Fernie,49.5041747,-115.062867
Canada,Sherwood Park,53.5256963,-113.296631
Canada,Kimberley,49.6850876,-115.9819477
Canada,Fort Saskatchewan,53.7128571,-113.214894
Canada,Nelson,49.494891,-117.290039
Canada,Lloydminster,53.279995,-110.00885
Canada,Spruce Grove,53.545204,-113.903503
Canada,Leduc,53.2607825,-113.5511681
Canada,Castlegar,49.316171,-117.663574
Canada,Cold Lake,54.46046,-110.192871
Canada,Camrose,53.013131,-112.840576
Canada,Vernon,50.2668671,-119.2718157
Canada,Meadow Lake,54.13026,-108.435059
Canada,Estevan,49.1428076,-102.991075
Canada,Weyburn,49.6651238,-103.854034
Canada,Swift Current,50.2849138,-107.7984496
Canada,Humboldt,52.202009,-105.1230368
Canada,Moose Jaw,50.401515,-105.542908
Canada,North Battleford,52.776186,-108.300476
Canada,Prince Albert,53.201097,-105.748901
Canada,Langford,48.4497693,-123.504666
Canada,Kitimat,54.0535577,-128.6540519
Canada,Vancouver,49.2608724,-123.113952
Canada,Burnaby,49.2433804,-122.972545
Canada,Quesnel,52.9794279,-122.493627
Canada,Parksville,49.3179514,-124.311739
Canada,Port Moody,49.2821981,-122.8293554
Canada,Port Coquitlam,49.2621643,-122.780542
Canada,Nanaimo,49.163877,-123.938122
Canada,Abbotsford,49.0521162,-122.329479
Canada,Williams Lake,52.1292657,-122.1397259
Canada,Terrace,54.5172715,-128.599548
Canada,West Vancouver,49.3311208,-123.159479
Canada,Dauphin,51.153509,-100.04425
Canada,Winkler,49.187089,-97.937622
Canada,Winnipeg,49.8955367,-97.1384584
Canada,Morden,49.1927055,-98.1014567
Canada,Flin Flon,54.769801,-101.878967
Canada,Orillia,44.6092059,-79.4175587
Canada,Owen Sound,44.5678105,-80.9430094
Canada,Sherbrooke,45.403271,-71.889038
Canada,Saint-Hyacinthe,45.627484,-72.940636
Canada,Granby,45.3990409,-72.721834
Canada,Pembroke,45.8260909,-77.113541
Canada,Sept-Îles,50.2109579,-66.3790642
Canada,Baie-Comeau,49.2118373,-68.1801406
Canada,Dryden,49.785698,-92.835846
Canada,Joliette,46.0239798,-73.4419936
Canada,Saint John,45.2787992,-66.0585188
Canada,Burlington,43.3248924,-79.7966835
Canada,Brampton,43.685832,-79.7599366
Canada,Mississauga,43.5896231,-79.6443879
Canada,Fredericton,45.963233,-66.6432356
Canada,Moncton,46.0985679,-64.8004265
Canada,Trois-Rivières,46.3432325,-72.5428485
Canada,Saint-Jean-sur-Richelieu,45.3056879,-73.2533401
Canada,Brantford,43.1408157,-80.2631733
Canada,St. John's,47.5614705,-52.7126162
Canada,Rouyn-Noranda,48.2420524,-79.0205378
Canada,Woodstock,43.1301111,-80.7562977
Canada,Alma,48.548887,-71.651459
Canada,Lévis,46.8033114,-71.1778792
Canada,Waterloo,43.4652699,-80.5222961
Canada,Longueuil,45.521906,-73.4644578
Canada,Saint-Jérôme,45.7780402,-74.0033272
Canada,Windsor,42.3167397,-83.0373389
Canada,Chatham,42.4057219,-82.1853837
Canada,North Vancouver,49.3206294,-123.0737925
Canada,Delta,49.0846258,-123.057938
Canada,Rivière-du-Loup,47.8358164,-69.5368025
Canada,Kitchener,43.451291,-80.4927815
Canada,Rimouski,48.450155,-68.529968
Canada,Shawinigan,46.5396581,-72.7518637
Canada,Saguenay,48.405959,-71.069183
Canada,Oshawa,43.8975558,-78.8635324
Canada,Chilliwack,49.1709788,-121.95255
Canada,Cornwall,45.0184417,-74.728703
Canada,Colwood,48.4234135,-123.493964
Canada,Montréal,45.5031824,-73.5698065
Canada,Charlottetown,46.234953,-63.132935
Canada,Vaughan,43.7941544,-79.5268023
Canada,West Kelowna,49.8585784,-119.582876
Canada,Matane,48.8468773,-67.5295498
Canada,Surrey,49.1913033,-122.849143
Canada,Welland,42.9922181,-79.2484192
Canada,Fort McMurray,56.7291997,-111.3885221
Canada,Ajax,43.8505287,-79.0208814
Canada,Stratford,43.3700899,-80.9818016
Canada,Pickering,43.835765,-79.090576
Canada,Oakville,43.447436,-79.666672
Canada,Gatineau,45.4277659,-75.710976
Canada,Whitby,43.87982,-78.9421751
Canada,Timmins,48.477473,-81.330414
Canada,Laval,45.5757802,-73.7530656
Canada,Sorel-Tracy,46.0435235,-73.1165159
Canada,Dawson Creek,55.7605306,-120.2364453
Canada,Melfort,52.8613707,-104.6135544
Canada,Coquitlam,49.2842958,-122.793281
Canada,Steinbach,49.530557,-96.69342
Canada,Brandon,49.8511143,-99.9608924
Canada,Portage la Prairie,49.972422,-98.289185
Canada,Lacombe,52.4727515,-113.733215
Canada,Kenora,49.766215,-94.4893528
Canada,Kamloops,50.6758269,-120.339415
Canada,Thompson,55.743347,-97.863464
Canada,Saanich,48.4594315,-123.376494
Canada,Churchill,58.7693101,-94.1736843
Canada,St. Thomas,42.779022,-81.1929882
Canada,Newmarket,44.056258,-79.461708
Canada,Markham,43.8563707,-79.3376825
Canada,Sudbury,46.49272,-80.991211
Canada,Powell River,49.835676,-124.524412
Canada,Wetaskiwin,52.968492,-113.36792
Canada,Thorold,43.1249127,-79.2005935
Canada,Temiskaming Shores,47.512563,-79.675598
Canada,Grande Prairie,55.17108,-118.7949873
Canada,Campbell River,50.023071,-125.244153
Canada,Elliot Lake,46.373464,-82.652893
Canada,Sault Ste. Marie,46.5126554,-84.3330301
Canada,Fort St. John,56.2524039,-120.846943
Canada,Yellowknife,62.4540807,-114.377385
Canada,Whitehorse,60.721571,-135.054932
Canada,Lethbridge,49.6945782,-112.8331033
Canada,Kingston,44.230687,-76.481323
Canada,Langley City,49.1039289,-122.657047
Canada,Richmond Hill,43.8801166,-79.4392925
Canada,Penticton,49.5003268,-119.593249
Canada,Saint-Georges,46.122987,-70.671959
Canada,Melville,50.9307241,-102.807296
Canada,Calgary,51.0456064,-114.057541
Canada,Drummondville,45.8864303,-72.5018764
Canada,North Bay,46.3092115,-79.4607617
Canada,Courtenay,49.6894061,-124.9954959
Canada,Squamish / Sḵwx̱wú7mesh,49.6980743,-123.155861
Canada,Maple Ridge,49.2197345,-122.599707
Canada,New Westminster,49.2067726,-122.9108818
Canada,Prince Rupert,54.3126572,-130.32549
Canada,Kelowna,49.8879177,-119.495902
Canada,Revelstoke,50.998045,-118.1956709
Canada,White Rock,49.0235357,-122.797924
Canada,Dartmouth,44.6799707,-63.5720232
Canada,Val-d'Or,48.1023356,-77.7875715
Canada,Richmond,49.163168,-123.137414
Canada,Merritt,50.1124876,-120.7884149
Canada,Kawartha Lakes,44.3596825,-78.7421729
Canada,Quinte West,44.0988246,-77.5748551
Canada,Barrie,44.3893208,-79.6901302
Canada,Mirabel,45.6452452,-74.0731738
Canada,London,42.9832406,-81.243372
Canada,Trail,49.0945296,-117.7097659
Canada,Mount Pearl,47.5239607,-52.811664
